Timestamp,AccelX,AccelY,AccelZ
0,0.08342,0.150955,-0.977112
0.000218,0.091812,0.158447,-0.983261
0.019168,0.085663,0.168854,-0.988708
0.019394,0.063705,0.17453,-0.980835
0.038335,0.045746,0.163055,-0.972473
0.038559,0.043152,0.149551,-0.982162
0.057553,0.048477,0.140198,-0.985275
0.057747,0.056519,0.133163,-0.982452
0.076735,0.071869,0.138428,-0.997726
0.076926,0.069016,0.143295,-1.015366
0.095953,0.065979,0.152817,-0.985336
0.096159,0.063644,0.160309,-0.974075
0.11513,0.067703,0.161942,-0.997223
0.115326,0.064407,0.157242,-0.983368
0.134306,0.063385,0.156235,-0.956757
0.134533,0.074432,0.157379,-0.968246
0.15352,0.09169,0.152344,-0.982574
0.153719,0.09436,0.14798,-0.967133
0.172672,0.087418,0.151703,-0.984375
0.172864,0.074661,0.15535,-1.011276
0.191892,0.059067,0.165176,-1.013519
0.192081,0.03923,0.158936,-1.012756
0.211095,0.0327,0.149399,-1.023697
0.211286,0.039932,0.137161,-1.03363
0.230306,0.058517,0.118454,-1.027466
0.230533,0.075058,0.112961,-0.994644
0.249442,0.082214,0.126755,-0.995621
0.249634,0.087814,0.142975,-1.016205
0.268655,0.098862,0.158951,-1.022217
0.268846,0.107208,0.180023,-1.019226
0.287818,0.110626,0.179749,-0.998886
0.288008,0.105118,0.175415,-0.994614
0.307005,0.0923,0.171295,-0.999329
0.307196,0.090454,0.170715,-1.013306
0.326225,0.085739,0.162079,-1.019547
0.326455,0.077148,0.153381,-1.013412
0.345393,0.064865,0.138794,-0.996902
0.345585,0.05629,0.130234,-0.978317
0.364568,0.061966,0.126389,-0.970154
0.364758,0.063217,0.122055,-0.956207
0.383756,0.069077,0.124252,-0.939941
0.383949,0.067184,0.129486,-0.923325
0.402942,0.068436,0.138123,-0.935959
0.403132,0.068237,0.133209,-0.956299
0.422144,0.058609,0.13385,-0.956238
0.422373,0.052673,0.138214,-0.965622
0.441318,0.056686,0.136948,-0.994659
0.441508,0.050507,0.141693,-0.991562
0.460511,0.047043,0.141083,-0.975037
0.460707,0.056854,0.136795,-0.979248
0.479724,0.072647,0.134384,-0.98381
0.479922,0.087936,0.130722,-0.963211
0.498924,0.101791,0.133987,-0.949921
0.499121,0.108673,0.137405,-0.96077
0.518102,0.110794,0.137451,-0.970261
0.518326,0.094849,0.139709,-0.96962
0.537319,0.08989,0.15712,-0.994568
0.537526,0.093781,0.169159,-1.009079
0.556475,0.095474,0.177673,-1.008011
0.556673,0.094696,0.174805,-1.013916
0.575666,0.090927,0.177887,-1.020569
0.575855,0.091293,0.170166,-1.006668
0.594835,0.099304,0.161179,-0.99971
0.595029,0.107483,0.15657,-0.994431
0.614013,0.110977,0.143356,-0.997604
0.614237,0.106689,0.140244,-0.995773
0.633282,0.098694,0.137131,-0.989365
0.633489,0.088959,0.136902,-0.995438
0.652442,0.089722,0.144058,-1.006119
0.652633,0.085831,0.146194,-0.99472
0.67161,0.081177,0.146133,-0.97966
0.671802,0.082062,0.136932,-0.987762
0.690937,0.086136,0.14093,-0.979828
0.691124,0.088028,0.146576,-0.985611
0.709936,0.086792,0.155823,-1.005386
0.71016,0.083008,0.155319,-0.996918
0.72923,0.075104,0.159042,-0.990204
0.729423,0.074234,0.162338,-0.999008
0.748447,0.080048,0.158035,-0.996475
0.748651,0.080795,0.141998,-0.978455
0.76761,0.091537,0.13324,-0.976074
0.767804,0.089951,0.131943,-0.992004
0.78684,0.078033,0.139374,-1.006393
0.787039,0.062668,0.139923,-1.007233
0.805906,0.045349,0.136368,-1.015182
0.806131,0.035538,0.135117,-1.016876
0.825209,0.044586,0.140228,-1.005905
0.825403,0.052353,0.157043,-0.993652
0.844392,0.065475,0.169739,-0.992065
0.844597,0.07901,0.151855,-0.984802
0.863603,0.084183,0.134308,-0.971832
0.863795,0.088242,0.117386,-0.974045
0.882765,0.095078,0.110428,-0.971237
0.882957,0.104919,0.126663,-0.976318
0.90195,0.108627,0.138123,-1.005981
0.902169,0.106491,0.149155,-1.008682
0.921145,0.101273,0.151886,-1.003143
0.921335,0.096802,0.15535,-1.024506
0.940544,0.075531,0.157028,-1.032516
0.940733,0.071259,0.152802,-1.018692
0.95948,0.076767,0.155655,-1.020538
0.95967,0.090622,0.144272,-1.003647
0.978712,0.10495,0.131851,-0.983124
0.978903,0.121536,0.137344,-0.9776
0.997788,0.135406,0.147308,-0.97287
0.997925,0.136978,0.166016,-0.966629
1.017188,0.129913,0.171631,-0.979446
1.017397,0.1185,0.166626,-0.969437
1.036351,0.108093,0.155533,-0.965317
1.036552,0.112762,0.151428,-0.977478
1.055423,0.120453,0.147964,-0.961197
1.055616,0.121841,0.149994,-0.948685
1.074689,0.125931,0.15303,-0.940765
1.074885,0.126633,0.166351,-0.908401
1.093835,0.138992,0.166565,-0.900803
1.094074,0.143127,0.159607,-0.896591
1.11307,0.13205,0.16066,-0.884857
1.11326,0.120148,0.147247,-0.887375
1.13224,0.112534,0.131454,-0.885681
1.132432,0.104126,0.118546,-0.871994
1.151462,0.109924,0.118713,-0.850601
1.151668,0.121796,0.123245,-0.858643
1.17063,0.133499,0.123352,-0.866699
1.170823,0.145599,0.12294,-0.846146
1.189837,0.159531,0.123428,-0.822357
1.190056,0.172333,0.112228,-0.824127
1.209019,0.184692,0.115768,-0.832397
1.209209,0.193573,0.136597,-0.8311
1.22818,0.194916,0.149109,-0.817566
1.228372,0.199722,0.158432,-0.805176
1.247419,0.200516,0.171066,-0.79924
1.247614,0.195801,0.177994,-0.80101
1.266568,0.179443,0.175293,-0.820679
1.266764,0.15007,0.152695,-0.852234
1.285752,0.116806,0.126801,-0.866058
1.28597,0.09314,0.109772,-0.854187
1.304962,0.093536,0.11171,-0.852951
1.305155,0.117081,0.109787,-0.848785
1.324127,0.146347,0.116379,-0.851791
1.324317,0.159988,0.130188,-0.841156
1.343547,0.150558,0.14357,-0.818558
1.343743,0.12648,0.131027,-0.791748
1.362509,0.102417,0.114792,-0.785736
1.362702,0.087753,0.105667,-0.798828
1.381689,0.086334,0.103119,-0.785919
1.381915,0.099289,0.107834,-0.766312
1.400511,0.113861,0.111206,-0.787964
1.400618,0.11261,0.117844,-0.816086
1.420106,0.096207,0.108093,-0.83728
1.420305,0.060959,0.084183,-0.851837
1.439181,0.023926,0.061768,-0.861572
1.43937,0.002853,0.052902,-0.890671
1.45848,-0.0065,0.07309,-0.914703
1.458685,-0.011597,0.093674,-0.912735
1.477624,-0.004379,0.132446,-0.898438
1.47785,0.00383,0.165558,-0.879257
1.496829,0.015945,0.190613,-0.865906
1.497022,0.030258,0.192657,-0.874374
1.516004,0.028412,0.157486,-0.896149
1.516195,0.023727,0.116699,-0.936569
1.535201,0.028458,0.087143,-0.992859
1.535393,0.028458,0.068604,-1.017639
1.554408,0.029968,0.087738,-1.030716
1.554602,0.012833,0.134933,-1.057449
1.573544,-0.021576,0.182007,-1.064285
1.573767,-0.054581,0.215836,-1.042816
1.592689,-0.084183,0.236145,-1.019608
1.592877,-0.09227,0.226089,-1.000275
1.611929,-0.083771,0.177185,-1.006958
1.612118,-0.073471,0.110001,-1.021332
1.631101,-0.055801,0.058685,-1.050293
1.631293,-0.024887,0.039276,-1.068085
1.650594,0.001099,0.083664,-1.083908
1.650793,-0.002075,0.172241,-1.100098
1.669509,-0.037201,0.237503,-1.116119
1.669737,-0.074478,0.270279,-1.106735
1.688601,-0.131332,0.295746,-1.086533
1.688791,-0.188232,0.315399,-1.06955
1.707835,-0.218109,0.317368,-1.068237
1.708026,-0.218948,0.312149,-1.056549
1.726909,-0.204391,0.282669,-1.040756
1.727101,-0.178772,0.228271,-1.066177
1.746224,-0.158798,0.191956,-1.082565
1.746414,-0.137177,0.188812,-1.10144
1.765431,-0.134033,0.193069,-1.117966
1.765651,-0.1465,0.207062,-1.078552
1.784569,-0.172699,0.241425,-1.049347
1.784761,-0.193542,0.277451,-1.025146
1.803926,-0.20726,0.298416,-1.048309
1.804117,-0.225525,0.303665,-1.101715
1.822956,-0.24913,0.243301,-1.125305
1.823146,-0.23912,0.162979,-1.145096
1.842069,-0.221329,0.132263,-1.156128
1.842263,-0.18959,0.139084,-1.139999
1.861377,-0.15712,0.18605,-1.156631
1.861606,-0.157959,0.245071,-1.172226
1.880543,-0.189224,0.291748,-1.144516
1.880742,-0.234818,0.292862,-1.127884
1.899756,-0.264084,0.299255,-1.128723
1.899964,-0.285553,0.2995,-1.115494
1.918902,-0.290878,0.314758,-1.117966
1.919093,-0.281677,0.322922,-1.11969
1.937991,-0.273773,0.287674,-1.123856
1.938185,-0.257294,0.217834,-1.1772
1.957281,-0.228043,0.184723,-1.239334
1.957504,-0.191269,0.168961,-1.265274
1.976437,-0.1745,0.188614,-1.284607
1.976636,-0.192429,0.21579,-1.308548
1.995694,-0.230896,0.246628,-1.321915
1.995904,-0.276428,0.286575,-1.306778
2.014852,-0.306732,0.315567,-1.293839
2.015046,-0.321808,0.32135,-1.25795
2.03403,-0.319473,0.307236,-1.168976
2.034222,-0.313049,0.292145,-1.160126
2.05321,-0.325562,0.313156,-1.287888
2.053439,-0.329559,0.351242,-1.427597
2.072429,-0.288773,0.374908,-1.426331
2.072629,-0.20462,0.350266,-1.256714
2.091639,-0.119537,0.302948,-1.119232
2.091844,-0.084869,0.285172,-1.110291
2.110814,-0.109741,0.289719,-1.156998
2.111005,-0.171341,0.269928,-1.169205
2.129978,-0.239197,0.234482,-1.140778
2.13017,-0.294342,0.193375,-1.081329
2.14917,-0.343155,0.18808,-1.053284
2.149395,-0.35936,0.198334,-1.072662
2.16844,-0.335587,0.203384,-1.156464
2.168646,-0.273148,0.228241,-1.190903
2.187546,-0.202499,0.265274,-1.111954
2.187758,-0.136246,0.295959,-1.024307
2.206764,-0.093445,0.305817,-1.011368
2.206954,-0.095184,0.276657,-1.021317
2.22593,-0.134674,0.20137,-1.015991
2.226116,-0.18454,0.147247,-1.010025
2.245151,-0.207245,0.124023,-0.990616
2.245374,-0.204559,0.158966,-0.97496
2.264342,-0.171829,0.226196,-1.016418
2.264819,-0.150162,0.303497,-1.046555
2.283537,-0.148499,0.347046,-1.082947
2.283729,-0.147812,0.363678,-1.11145
2.302723,-0.150696,0.342209,-1.133377
2.302914,-0.148453,0.287003,-1.109207
2.321898,-0.119385,0.226562,-1.073944
2.322089,-0.096619,0.193008,-1.054581
2.341089,-0.098969,0.181458,-1.043701
2.341311,-0.109146,0.19548,-1.010345
2.360182,-0.114441,0.214127,-1.008896
2.360375,-0.128494,0.245941,-1.01709
2.379537,-0.144135,0.293411,-1.024231
2.37975,-0.147675,0.313644,-1.038879
2.398672,-0.13562,0.304428,-1.040878
2.398865,-0.119507,0.28508,-1.065063
2.417869,-0.103256,0.290741,-1.124084
2.418062,-0.083008,0.289169,-1.123428
2.437048,-0.075867,0.276917,-1.08252
2.43727,-0.089096,0.274673,-1.080612
2.456219,-0.091721,0.249771,-1.09964
2.456412,-0.100937,0.225571,-1.080902
2.475417,-0.098877,0.219208,-1.033722
2.475632,-0.076416,0.229385,-1.015091
2.494637,-0.056839,0.240555,-1.01973
2.494832,-0.041458,0.251999,-1.043777
2.513798,-0.033447,0.248138,-1.065399
2.513992,-0.026672,0.224442,-1.075409
2.532972,-0.029434,0.207886,-1.07457
2.53319,-0.041748,0.210541,-1.07457
2.552157,-0.050705,0.218109,-1.057129
2.552368,-0.052292,0.224899,-1.025085
2.571677,-0.060898,0.240784,-0.986832
2.571879,-0.061081,0.254684,-0.959366
2.590559,-0.063965,0.258072,-0.951813
2.590764,-0.076294,0.236267,-0.947815
2.609745,-0.072784,0.192551,-0.928421
2.609948,-0.049423,0.147552,-0.890289
2.628916,-0.030838,0.120728,-0.850693
2.629145,-0.014923,0.115158,-0.834717
2.648088,-0.0047,0.115555,-0.818619
2.648337,0.018738,0.12027,-0.794357
2.667263,0.040771,0.115036,-0.772171
2.667457,0.057388,0.09433,-0.783661
2.686488,0.055069,0.077728,-0.804337
2.686679,0.043686,0.08197,-0.793076
2.70564,0.034042,0.101318,-0.757477
2.705832,0.02916,0.127853,-0.714645
2.724828,0.023666,0.145889,-0.678238
2.72505,0.030426,0.149261,-0.637512
2.74393,0.029861,0.140366,-0.600662
2.744124,0.037827,0.126907,-0.563156
2.763199,0.044174,0.11441,-0.519821
2.763392,0.059753,0.079758,-0.499878
2.782412,0.091812,0.04303,-0.496933
2.782609,0.130585,0.020721,-0.485214
2.801593,0.172333,0.001999,-0.492279
2.801785,0.203705,-0.011642,-0.52713
2.820753,0.236389,-0.024979,-0.568542
2.820977,0.266571,-0.026703,-0.593826
2.839963,0.284164,-0.014053,-0.597763
2.840156,0.272675,0.016968,-0.57901
2.85918,0.255478,0.054031,-0.56868
2.859366,0.252182,0.094513,-0.583191
2.878328,0.241745,0.135529,-0.613251
2.878519,0.218155,0.161484,-0.65419
2.897557,0.190826,0.166199,-0.710236
2.897755,0.176285,0.145981,-0.76297
2.916731,0.189972,0.098526,-0.777847
2.91695,0.202866,0.062805,-0.744278
2.935908,0.203476,0.053116,-0.705231
2.936102,0.196991,0.061401,-0.69162
2.955089,0.181534,0.106232,-0.72789
2.955281,0.170547,0.136597,-0.766083
2.974282,0.15181,0.141129,-0.772324
2.974474,0.11116,0.118637,-0.771378
2.993568,0.066025,0.083801,-0.771072
2.993847,0.04686,0.055298,-0.766251
3.012692,0.052475,0.030884,-0.753311
3.012916,0.066376,0.02182,-0.752335
3.031902,0.072449,0.044357,-0.768692
3.032103,0.065109,0.09729,-0.80011
3.051079,0.039337,0.1595,-0.822311
3.051277,0.02858,0.191589,-0.838745
3.070294,0.018356,0.203568,-0.847214
3.070497,0.013123,0.181686,-0.847443
3.089462,-0.010468,0.148254,-0.855942
3.089668,-0.04895,0.14003,-0.869537
3.10862,-0.091248,0.168869,-0.870773
3.108843,-0.102844,0.189789,-0.867493
3.1278,-0.089966,0.200729,-0.886459
3.127995,-0.079391,0.195358,-0.903137
3.14699,-0.073471,0.172226,-0.918777
3.147182,-0.06842,0.164932,-0.933136
3.166177,-0.062576,0.189331,-0.940689
3.16637,-0.067078,0.238617,-0.954208
3.185303,-0.074936,0.283646,-0.950714
3.185498,-0.092575,0.287369,-0.974533
3.204556,-0.125381,0.236359,-1.016586
3.204778,-0.175018,0.136749,-1.05072
3.223776,-0.204376,0.062881,-1.060303
3.223979,-0.209671,0.067551,-1.053543
3.242929,-0.185303,0.164032,-1.026566
3.24312,-0.144455,0.264954,-1.033691
3.262118,-0.119827,0.333847,-1.057968
3.26231,-0.1241,0.357437,-1.064514
3.281311,-0.150909,0.375305,-1.022217
3.281503,-0.180939,0.362427,-0.975021
3.300525,-0.217224,0.350647,-0.953125
3.300748,-0.284332,0.324799,-0.959106
3.3197,-0.359818,0.262756,-1.042984
3.319892,-0.375977,0.155228,-1.127762
3.33889,-0.32402,0.051956,-1.171722
3.339083,-0.26059,0.027664,-1.174423
3.358107,-0.207932,0.112106,-1.141998
3.3583,-0.211105,0.235458,-1.092987
3.37725,-0.21608,0.316666,-1.05011
3.37744,-0.215286,0.344635,-1.015717
3.396603,-0.228058,0.351913,-0.988815
3.39691,-0.283401,0.347992,-0.984634
3.415675,-0.362289,0.333801,-1.038956
3.415869,-0.434845,0.307526,-1.1409
3.434887,-0.463943,0.277863,-1.200607
3.43508,-0.436737,0.273666,-1.243301
3.454111,-0.38855,0.290604,-1.288132
3.454303,-0.36618,0.295898,-1.247543
3.47328,-0.364197,0.284821,-1.192078
3.473472,-0.380554,0.273026,-1.155579
3.492464,-0.401749,0.266861,-1.136505
3.492676,-0.437744,0.260376,-1.156357
3.511688,-0.468384,0.25827,-1.18515
3.511885,-0.478836,0.261078,-1.229141
3.530873,-0.457062,0.263443,-1.260178
3.531071,-0.396576,0.254501,-1.278473
3.550027,-0.345108,0.241409,-1.331253
3.55022,-0.325073,0.213638,-1.372025
3.569216,-0.361755,0.192123,-1.377838
3.569404,-0.400146,0.205231,-1.374176
3.588426,-0.416306,0.236542,-1.327423
3.588659,-0.415176,0.272202,-1.282211
3.607643,-0.406723,0.293839,-1.263077
3.607842,-0.405487,0.317551,-1.26857
3.62681,-0.393738,0.345734,-1.251282
3.627006,-0.376602,0.370682,-1.236099
3.645983,-0.359589,0.39505,-1.237808
3.646173,-0.349136,0.408356,-1.268555
3.665197,-0.348557,0.400497,-1.264923
3.665388,-0.35994,0.368683,-1.236725
3.684371,-0.370178,0.317429,-1.195923
3.684594,-0.373962,0.257736,-1.154541
3.70359,-0.356079,0.196579,-1.123688
3.703785,-0.342178,0.149979,-1.103363
3.722749,-0.322769,0.134186,-1.070526
3.722941,-0.306534,0.140366,-1.059143
3.741943,-0.291412,0.166519,-1.065018
3.742134,-0.283127,0.196457,-1.068588
3.761126,-0.280975,0.231247,-1.084244
3.761317,-0.277374,0.257355,-1.113113
3.780323,-0.275909,0.266602,-1.112778
3.780547,-0.266556,0.266327,-1.053665
3.799507,-0.235352,0.277237,-1.004044
3.799698,-0.210632,0.291977,-1.006119
3.818718,-0.202728,0.320724,-1.014343
3.818912,-0.208389,0.329407,-0.993896
3.837899,-0.217163,0.318146,-0.976517
3.83809,-0.242386,0.273636,-1.02034
3.85709,-0.263779,0.215927,-1.072235
3.857283,-0.259216,0.17482,-1.095581
3.876275,-0.228897,0.170227,-1.055359
3.876497,-0.195023,0.185669,-1.02446
3.895428,-0.161713,0.206741,-1.017776
3.89562,-0.160645,0.208878,-1.01358
3.914683,-0.181671,0.222549,-1.001984
3.914875,-0.19278,0.234467,-1.001419
3.933877,-0.191437,0.246872,-1.022095
3.934072,-0.181366,0.27002,-1.034698
3.953039,-0.177292,0.277695,-1.031891
3.95323,-0.169327,0.271149,-1.048386
3.972259,-0.160355,0.268524,-1.071671
3.972479,-0.145798,0.278839,-1.077652
3.991403,-0.136612,0.287094,-1.06517
3.991601,-0.136917,0.301056,-1.043854
4.010733,-0.134506,0.301651,-1.010284
4.010951,-0.120346,0.282471,-0.998383
4.029881,-0.100021,0.250793,-0.990524
4.03008,-0.069168,0.221497,-0.972687
4.048995,-0.04541,0.198914,-0.978653
4.049188,-0.028641,0.158554,-0.976562
4.06822,-0.017502,0.130478,-0.9711
4.068441,-0.021667,0.127533,-0.963623
4.087399,-0.044067,0.167465,-0.962173
4.087594,-0.074371,0.208557,-0.962357
4.106685,-0.087494,0.236267,-0.953201
4.106895,-0.078079,0.246902,-0.908188
4.125832,-0.067032,0.245743,-0.860031
4.12603,-0.032547,0.219025,-0.811539
4.144984,0.001297,0.181183,-0.798309
4.145177,0.025467,0.149185,-0.791626
4.164172,0.054169,0.139191,-0.771988
4.1644,0.079773,0.127197,-0.740448
4.183369,0.093781,0.1306,-0.689285
4.183562,0.113327,0.116821,-0.664978
4.202563,0.137299,0.087585,-0.662933
4.202755,0.152344,0.071304,-0.650467
4.221788,0.16803,0.06897,-0.638672
4.221986,0.182495,0.074783,-0.612152
4.240951,0.17807,0.086563,-0.585312
4.241144,0.163681,0.111206,-0.557602
4.260026,0.158585,0.128494,-0.518021
4.260251,0.152908,0.120132,-0.478592
4.279343,0.160599,0.104218,-0.436447
4.279535,0.16394,0.084991,-0.402267
4.298525,0.172852,0.056808,-0.38269
4.298716,0.188538,0.021729,-0.391571
4.317785,0.206406,-0.00293,-0.424591
4.317982,0.236893,-0.029114,-0.495453
4.336932,0.262421,-0.044312,-0.561005
4.337129,0.287033,-0.04599,-0.58493
4.356105,0.298737,-0.007034,-0.567108
4.356324,0.288284,0.044479,-0.527451
4.375234,0.273132,0.089264,-0.485947
4.375428,0.256256,0.117844,-0.48175
4.394487,0.237869,0.132095,-0.505295
4.394679,0.230576,0.114487,-0.539291
4.413668,0.206741,0.073868,-0.562271
4.413859,0.188797,0.044205,-0.591675
4.432899,0.166626,0.05629,-0.637054
4.433095,0.143372,0.072647,-0.671692
4.452046,0.107498,0.09053,-0.736649
4.452274,0.062866,0.116943,-0.782928
4.471227,0.026321,0.142578,-0.767914
4.471419,0.022629,0.161804,-0.705566
4.490432,0.04982,0.169479,-0.690262
4.490624,0.095474,0.13327,-0.715881
4.509621,0.109894,0.069458,-0.75798
4.509813,0.082062,0.008316,-0.820267
4.528828,0.021515,0.000397,-0.896667
4.529023,-0.036743,0.094177,-0.918427
4.547988,-0.082489,0.224945,-0.926254
4.548211,-0.10762,0.31813,-0.922119
4.567205,-0.129852,0.343933,-0.900208
4.567398,-0.169266,0.344299,-0.914978
4.586361,-0.264969,0.271988,-0.96315
4.586553,-0.333679,0.091629,-1.018173
4.605539,-0.318817,-0.016891,-1.032883
4.605728,-0.274979,-0.011734,-1.040726
4.624813,-0.208557,0.078094,-1.084259
4.625022,-0.191589,0.163559,-1.117416
4.643915,-0.221115,0.215668,-1.121674
4.644147,-0.246292,0.233978,-1.076889
4.663105,-0.269333,0.235458,-1.013306
4.663298,-0.307907,0.268127,-0.98877
4.682291,-0.361099,0.304993,-1.040329
4.682483,-0.420975,0.318008,-1.114883
4.701492,-0.458755,0.319977,-1.19635
4.701682,-0.478928,0.305984,-1.251373
4.720669,-0.474503,0.28418,-1.301025
4.720859,-0.4487,0.255081,-1.317017
4.73991,-0.407059,0.219635,-1.289673
4.740141,-0.390976,0.185852,-1.28511
4.759119,-0.403839,0.174316,-1.254898
4.759309,-0.437775,0.195816,-1.221268
4.778255,-0.479996,0.229507,-1.219055
4.778447,-0.494186,0.252777,-1.176208
4.797428,-0.48378,0.267822,-1.137772
4.797618,-0.488922,0.284454,-1.129715
4.816617,-0.528763,0.283447,-1.17897
4.816807,-0.585129,0.281235,-1.300003
4.835849,-0.58345,0.266174,-1.433014
4.836073,-0.521378,0.25943,-1.528778
4.855015,-0.46051,0.243393,-1.522903
4.855206,-0.435959,0.224121,-1.443283
4.874198,-0.474899,0.234131,-1.399323
4.87439,-0.533325,0.24115,-1.386124
4.893404,-0.557098,0.246185,-1.336487
4.893604,-0.566162,0.255188,-1.315369
4.912644,-0.553268,0.282684,-1.330338
4.912857,-0.529709,0.323517,-1.352356
4.93177,-0.492783,0.35762,-1.384857
4.931999,-0.453674,0.373642,-1.397385
4.950938,-0.432678,0.37207,-1.375168
4.951132,-0.435913,0.353058,-1.348694
4.970121,-0.446701,0.320312,-1.301941
4.970312,-0.468292,0.273605,-1.230301
4.989327,-0.480026,0.212204,-1.174911
4.989518,-0.450882,0.129089,-1.139557
5.008545,-0.400864,0.11174,-1.153961
5.008739,-0.347748,0.162643,-1.162323
5.027704,-0.309738,0.220398,-1.14653
5.027925,-0.297333,0.263,-1.131607
5.046904,-0.303772,0.2733,-1.123352
5.047102,-0.319077,0.27916,-1.122192
5.066062,-0.321426,0.272339,-1.093918
5.066252,-0.317093,0.256485,-1.053604
5.085251,-0.31546,0.238663,-1.008423
5.085443,-0.308853,0.235153,-0.986542
5.104488,-0.304672,0.239212,-0.983246
5.104694,-0.306503,0.219406,-0.976822
5.123615,-0.322556,0.196747,-1.001953
5.12384,-0.325882,0.187515,-1.027252
5.142728,-0.290909,0.201492,-1.04747
5.142921,-0.271545,0.210007,-1.026962
5.161988,-0.276321,0.20578,-1.035645
5.16218,-0.274033,0.204803,-1.041214
5.181171,-0.275146,0.209457,-1.015289
5.181361,-0.267807,0.220901,-0.999664
5.200365,-0.27359,0.239685,-0.98674
5.200557,-0.261108,0.236603,-0.969131
5.219564,-0.246353,0.242798,-0.958023
5.219782,-0.23201,0.249176,-0.960617
5.238836,-0.23938,0.267838,-1.00882
5.239033,-0.240768,0.283676,-1.0513
5.257942,-0.22998,0.289642,-1.056427
5.258134,-0.208389,0.293915,-1.058868
5.277064,-0.175751,0.279938,-1.061661
5.277255,-0.158661,0.23555,-1.047119
5.296331,-0.144547,0.19809,-1.012085
5.296522,-0.130829,0.167572,-0.989212
5.315515,-0.134995,0.168961,-0.975586
5.315739,-0.15274,0.176376,-0.975204
5.334687,-0.164429,0.174316,-0.966934
5.334881,-0.166275,0.176117,-0.950073
5.35388,-0.163254,0.188858,-0.935287
5.354074,-0.154541,0.212448,-0.940826
5.373074,-0.142303,0.239532,-0.936493
5.373264,-0.106979,0.264954,-0.927536
5.392267,-0.061249,0.275497,-0.917206
5.392454,-0.021332,0.266129,-0.905396
5.411432,0.016418,0.23938,-0.886917
5.41165,0.038681,0.22374,-0.874542
5.430634,0.042877,0.203583,-0.868912
5.430826,0.042511,0.169174,-0.87059
5.449803,0.034683,0.140732,-0.866516
5.449996,0.039169,0.127518,-0.824219
5.469018,0.055649,0.137451,-0.772949
5.469211,0.075424,0.150131,-0.730652
5.488182,0.094849,0.155716,-0.687408
5.488373,0.117905,0.14444,-0.650574
5.507374,0.12468,0.126678,-0.620697
5.507598,0.126953,0.113266,-0.5755
5.52643,0.141495,0.092697,-0.523239
5.526624,0.158905,0.086151,-0.485245
5.545356,0.17038,0.072571,-0.48996
5.545467,0.185791,0.06366,-0.503372
5.56498,0.197083,0.061584,-0.51123
5.565183,0.196503,0.072281,-0.507751
5.584155,0.197113,0.086441,-0.483932
5.584355,0.188492,0.088745,-0.453552
5.603306,0.176651,0.091797,-0.419785
5.603531,0.175385,0.091431,-0.405396
5.622484,0.181046,0.08371,-0.401901
5.622684,0.208878,0.065857,-0.447617
5.6417,0.242142,0.069199,-0.500427
5.641891,0.273621,0.070694,-0.558655
5.66091,0.291809,0.084366,-0.568207
5.661107,0.283951,0.106812,-0.551392
5.680116,0.258316,0.128006,-0.523941
5.680309,0.230713,0.136566,-0.500519
5.699253,0.215057,0.12471,-0.509735
5.699475,0.218903,0.084579,-0.580521
5.718442,0.226974,0.017593,-0.661148
5.718635,0.220322,-0.029434,-0.703842
5.737659,0.169083,0.008881,-0.713776
5.73785,0.120407,0.093887,-0.70163
5.75683,0.080811,0.184448,-0.704437
5.757026,0.039185,0.245743,-0.704987
5.775938,0.01738,0.274109,-0.672302
5.776125,-0.010941,0.282822,-0.660385
5.795201,-0.062149,0.215149,-0.714417
5.795424,-0.067993,0.100998,-0.812469
5.814413,-0.067474,0.0168,-0.892365
5.814607,-0.086716,-0.029449,-0.94487
5.833572,-0.11058,0.020111,-0.97641
5.833762,-0.137436,0.11676,-0.973495
5.852667,-0.152817,0.202164,-0.966019
5.85286,-0.174423,0.247314,-0.950348
5.871956,-0.19458,0.258118,-0.895721
5.872151,-0.238983,0.219101,-0.845306
5.891261,-0.257172,0.149155,-0.8759
5.891979,-0.252762,0.08371,-0.955627
5.910291,-0.253922,0.067413,-1.008301
5.910497,-0.248871,0.09201,-1.035431
5.929541,-0.25238,0.161911,-1.062744
5.929735,-0.276718,0.243729,-1.094589
5.948716,-0.293427,0.304733,-1.112228
5.948908,-0.302826,0.343689,-1.085556
5.967912,-0.331665,0.373428,-1.051773
5.968108,-0.375427,0.369919,-1.037827
5.987071,-0.471527,0.331039,-1.082153
5.987293,-0.586212,0.201843,-1.170883
6.006318,-0.629272,0.082336,-1.302048
6.00653,-0.57988,0.041779,-1.363556
6.025444,-0.48703,0.076431,-1.355484
6.025655,-0.42482,0.146057,-1.324677
6.044635,-0.382309,0.217819,-1.274506
6.044826,-0.374664,0.268951,-1.248596
6.063748,-0.408798,0.300125,-1.228149
6.063945,-0.439682,0.31015,-1.200394
6.082999,-0.471497,0.320953,-1.221054
6.083221,-0.493637,0.330231,-1.231995
6.10225,-0.522659,0.318924,-1.270584
6.102456,-0.541763,0.292435,-1.350082
6.121378,-0.539459,0.276016,-1.419571
6.121574,-0.527863,0.294296,-1.487656
6.140561,-0.521988,0.316147,-1.46051
6.140755,-0.535141,0.312469,-1.436127
6.159692,-0.570145,0.286209,-1.459045
6.159883,-0.591003,0.263916,-1.436859
6.178936,-0.588425,0.268295,-1.417236
6.179163,-0.575653,0.293579,-1.376968
6.198138,-0.54454,0.31424,-1.299423
6.198332,-0.515274,0.324646,-1.272583
6.217317,-0.483719,0.336075,-1.298492
6.217508,-0.465363,0.349884,-1.294342
6.236524,-0.47113,0.364792,-1.311981
6.236715,-0.483612,0.36377,-1.334015
6.255697,-0.481781,0.339249,-1.302338
6.255891,-0.476624,0.297989,-1.261398
6.27487,-0.457138,0.252396,-1.2556
6.275096,-0.394226,0.206268,-1.244232
6.294051,-0.370529,0.191086,-1.209351
6.294244,-0.386719,0.211777,-1.148697
6.313241,-0.403748,0.255981,-1.120224
6.313434,-0.401443,0.276901,-1.092422
6.332425,-0.399155,0.282272,-1.070374
6.332616,-0.391617,0.2901,-1.059891
6.351616,-0.372589,0.303848,-1.052307
6.351808,-0.356354,0.310089,-1.019913
6.370807,-0.347015,0.30249,-0.986008
6.371027,-0.346237,0.290146,-0.974319
6.389999,-0.357559,0.248459,-0.984573
6.390192,-0.360794,0.190491,-1.01799
6.409208,-0.354233,0.17186,-1.047272
6.409395,-0.330734,0.211685,-1.041183
6.428372,-0.328064,0.247131,-1.001083
6.428563,-0.309769,0.2677,-0.967316
6.447569,-0.290833,0.283386,-0.958755
6.447759,-0.277359,0.296127,-0.961334
6.466856,-0.26358,0.291092,-0.947113
6.467096,-0.276672,0.272263,-0.944565
6.48598,-0.301712,0.231064,-0.954391
6.48617,-0.297821,0.210007,-0.955399
6.50519,-0.281372,0.200745,-0.961456
6.505395,-0.2798,0.210159,-0.955246
6.524346,-0.269974,0.233322,-0.944901
6.524539,-0.253174,0.256363,-0.934158
6.543362,-0.220703,0.2659,-0.944641
6.543553,-0.206024,0.249191,-0.960556
6.562714,-0.213882,0.210693,-0.978027
6.562932,-0.210846,0.200958,-0.963348
6.581936,-0.194931,0.228851,-0.972885
6.582137,-0.16893,0.272888,-0.977707
6.601106,-0.142303,0.297836,-0.956223
6.601298,-0.138672,0.300247,-0.935608
6.620264,-0.141953,0.276764,-0.948502
6.620454,-0.150085,0.226364,-0.974869
6.639466,-0.164536,0.195618,-0.97464
6.639661,-0.169113,0.177673,-0.953552
6.658639,-0.160645,0.198456,-0.921722
6.658858,-0.136383,0.221359,-0.887833
6.67791,-0.107544,0.243942,-0.876572
6.67811,-0.075806,0.256714,-0.867249
6.697012,-0.055862,0.265228,-0.875824
6.697204,-0.033997,0.277435,-0.864532
6.716202,-0.018265,0.271652,-0.828049
6.716393,-0.010178,0.253693,-0.803299
6.735394,0.00386,0.191727,-0.784012
6.735586,0.038452,0.134232,-0.785553
6.754577,0.067917,0.092621,-0.802521
6.754796,0.067047,0.082657,-0.806732
6.773791,0.064224,0.108841,-0.781479
6.773987,0.06871,0.141235,-0.73378
6.793069,0.075378,0.168655,-0.7034
6.793257,0.097366,0.179214,-0.673065
6.812124,0.119507,0.172897,-0.643753
6.812314,0.142899,0.148453,-0.607712
6.83132,0.16188,0.125504,-0.591797
6.83151,0.17128,0.105957,-0.582169
6.850516,0.186768,0.099045,-0.578934
6.850741,0.196243,0.103867,-0.565277
6.869684,0.198669,0.110031,-0.550522
6.869877,0.200592,0.109131,-0.53801
6.888875,0.200638,0.104568,-0.545593
6.88907,0.203842,0.087265,-0.55368
6.90807,0.215027,0.068222,-0.549652
6.908263,0.225708,0.061768,-0.557526
6.927236,0.22731,0.065521,-0.569214
6.927427,0.234451,0.083267,-0.574081
6.946441,0.243881,0.093781,-0.542297
6.946665,0.250259,0.104355,-0.537445
6.965645,0.253174,0.096878,-0.552826
6.965835,0.260086,0.091019,-0.589157
6.984876,0.266663,0.071884,-0.640701
6.985072,0.268387,0.051208,-0.676941
7.004132,0.242569,0.051132,-0.697052
7.004329,0.203827,0.097656,-0.691513
7.023241,0.145462,0.155991,-0.657486
7.023439,0.110672,0.205963,-0.638153
7.042473,0.08728,0.231812,-0.641922
7.042687,0.053207,0.212311,-0.681641
7.061579,0.017975,0.131775,-0.747864
7.06177,0.032257,0.052216,-0.777344
7.080643,0.057648,0.042236,-0.749725
7.080836,0.069214,0.119019,-0.70993
7.099997,0.072998,0.201431,-0.70668
7.1002,0.065552,0.221832,-0.729965
7.119149,0.011429,0.13855,-0.752625
7.119342,-0.039551,0.037262,-0.78949
7.138331,-0.08992,-0.028473,-0.815125
7.138556,-0.133698,-0.039276,-0.803909
7.157506,-0.150482,0.017136,-0.777786
7.157697,-0.153748,0.096588,-0.756897
7.176716,-0.168839,0.174103,-0.766296
7.17691,-0.183258,0.234238,-0.846725
7.195819,-0.213684,0.27243,-1.000687
7.196013,-0.253525,0.286713,-1.113159
7.215075,-0.289139,0.276245,-1.07782
7.215267,-0.320938,0.275482,-0.9944
7.234316,-0.322739,0.269196,-0.946808
7.234551,-0.348343,0.257889,-0.91832
7.253456,-0.398499,0.216599,-0.924271
7.25365,-0.443787,0.138916,-0.960144
7.272595,-0.446106,0.078781,-1.023605
7.272787,-0.367157,0.086487,-1.057541
7.291887,-0.277924,0.149872,-1.057968
7.292079,-0.25,0.235855,-1.086716
7.311061,-0.265823,0.303589,-1.119202
7.311264,-0.323578,0.319778,-1.170944
7.3302,-0.396469,0.315506,-1.225357
7.33042,-0.473434,0.293777,-1.236893
7.349396,-0.506454,0.274979,-1.178314
7.349588,-0.493042,0.258209,-1.109665
7.368578,-0.488693,0.242966,-1.059525
7.368769,-0.512848,0.228668,-1.05011
7.387754,-0.52832,0.227997,-1.103485
7.387968,-0.520706,0.229477,-1.193039
7.407015,-0.490097,0.242996,-1.258072
7.407218,-0.456802,0.261444,-1.282196
7.426035,-0.42276,0.284256,-1.278885
7.426252,-0.415558,0.30687,-1.256851
7.445336,-0.43248,0.321106,-1.235123
7.445527,-0.469925,0.32753,-1.22319
7.464522,-0.503082,0.324432,-1.198502
7.464712,-0.521973,0.328293,-1.231644
7.483721,-0.523239,0.336914,-1.262665
7.483914,-0.509537,0.351959,-1.277679
7.503056,-0.484772,0.357651,-1.306458
7.503255,-0.47821,0.361908,-1.326324
7.522095,-0.482727,0.360504,-1.326935
7.522316,-0.495544,0.356155,-1.331131
7.541207,-0.521683,0.348984,-1.327103
7.541433,-0.537811,0.320175,-1.248154
7.560507,-0.514709,0.271362,-1.215897
7.560712,-0.466034,0.259949,-1.506821
7.579669,-0.42189,0.298737,-1.532043
7.579876,-0.425964,0.334747,-1.193848
7.598837,-0.43158,0.345734,-1.132797
7.599036,-0.420853,0.374435,-1.265152
7.618003,-0.407654,0.404892,-1.331924
7.618225,-0.403305,0.404419,-1.194183
7.637209,-0.428299,0.378006,-1.095367
7.637403,-0.462082,0.346512,-1.182816
7.656397,-0.453262,0.279633,-1.30011
7.656588,-0.3573,0.216232,-1.306229
7.675603,-0.281158,0.227097,-1.232162
7.675793,-0.256958,0.269806,-1.125076
7.694766,-0.253738,0.314178,-1.05191
7.694963,-0.259018,0.34581,-1.031555
7.71394,-0.254074,0.343445,-1.046844
7.71416,-0.271942,0.331726,-1.065384
7.733132,-0.29744,0.327606,-1.072327
7.733326,-0.296402,0.307617,-1.053329
7.752315,-0.265381,0.241714,-1.035675
7.752508,-0.244812,0.164536,-1.046677
7.771514,-0.244339,0.110794,-1.066772
7.771705,-0.227661,0.107422,-1.078659
7.790689,-0.198822,0.164963,-1.072342
7.790881,-0.183212,0.235245,-1.046204
7.809833,-0.178558,0.287964,-1.005447
7.810058,-0.18631,0.316757,-0.989105
7.829073,-0.205673,0.314438,-1.015686
7.829266,-0.237106,0.290573,-1.038971
7.848249,-0.266479,0.257614,-1.036118
7.848441,-0.258057,0.243515,-1.009125
7.867435,-0.245911,0.222366,-0.989914
7.867627,-0.214249,0.194077,-0.976669
7.886602,-0.180954,0.184143,-0.970154
7.886794,-0.160553,0.185242,-0.968964
7.905789,-0.148941,0.209152,-0.963943
7.906013,-0.145798,0.241852,-0.967361
7.924975,-0.152328,0.249115,-0.974075
7.925169,-0.164948,0.226532,-0.989136
7.944158,-0.169312,0.199432,-1.004044
7.944351,-0.164948,0.183411,-0.997437
7.963343,-0.147156,0.191864,-0.972565
7.963534,-0.110794,0.203125,-0.940674
7.982543,-0.071823,0.223297,-0.928497
7.982734,-0.034271,0.230438,-0.925186
8.001807,-0.007706,0.219376,-0.941315
8.002056,0.004578,0.20047,-0.95459
8.020926,0.016037,0.19133,-0.963196
8.021119,0.022736,0.190964,-0.962067
8.04013,0.007217,0.183868,-0.958542
8.040329,0.007492,0.178589,-0.943161
8.059266,0.009201,0.187103,-0.918869
8.059453,0.028732,0.207947,-0.887527
8.078488,0.049271,0.212708,-0.862625
8.078681,0.057602,0.190277,-0.833237
8.097679,0.076447,0.169601,-0.824875
8.097916,0.091644,0.165894,-0.822876
8.116857,0.101044,0.17514,-0.810623
8.117055,0.112503,0.193283,-0.791946
8.13601,0.12854,0.2005,-0.783997
8.136206,0.140167,0.199493,-0.776901
8.155168,0.136932,0.187393,-0.756989
8.155359,0.137405,0.165283,-0.743149
8.174374,0.148911,0.157761,-0.744202
8.174566,0.150726,0.151245,-0.731216
8.193485,0.147614,0.158768,-0.671356
8.193707,0.163651,0.153397,-0.626816
8.212754,0.177261,0.141006,-0.608017
8.212953,0.188538,0.124649,-0.577271
8.231909,0.194016,0.108688,-0.55574
8.2321,0.202774,0.093033,-0.566162
8.251108,0.205948,0.078278,-0.586212
8.251303,0.2052,0.086395,-0.617233
8.270292,0.200745,0.107407,-0.658279
8.270485,0.192215,0.110931,-0.680206
8.289495,0.169617,0.087875,-0.678375
8.289717,0.139694,0.083191,-0.668289
8.308505,0.126099,0.092636,-0.638458
8.3087,0.125961,0.124969,-0.622864
8.327873,0.130875,0.163589,-0.635971
8.328068,0.127655,0.178192,-0.625
8.347043,0.126541,0.191727,-0.610016
8.347237,0.126053,0.195526,-0.647903
8.366157,0.128204,0.150589,-0.724609
8.366362,0.139267,0.06929,-0.793762
8.38541,0.141876,0.014114,-0.798935
8.385633,0.148819,0.015106,-0.786789
8.404582,0.153061,0.111832,-0.799103
8.404774,0.135361,0.217606,-0.773956
8.423826,0.109955,0.254395,-0.669434
8.424026,0.085602,0.238693,-0.569077
8.442922,0.079208,0.213531,-0.5569
8.443112,0.092773,0.144211,-0.632767
8.462088,0.118073,0.000534,-0.716385
8.462281,0.137085,-0.09668,-0.767609
8.481309,0.113541,-0.058258,-0.858597
8.481533,0.066147,0.132431,-0.923828
8.500483,0.016022,0.277466,-0.910645
8.500677,-0.031342,0.333481,-0.881531
8.519726,-0.074036,0.327911,-0.836044
8.519932,-0.098831,0.298737,-0.755798
8.538854,-0.115067,0.277893,-0.691986
8.539047,-0.144241,0.245178,-0.664917
8.558027,-0.189911,0.160278,-0.663681
8.558219,-0.173523,0.030609,-0.714905
8.577212,-0.111252,-0.083878,-0.803421
8.577434,-0.037613,-0.047318,-0.902847
8.596407,-0.00621,0.096268,-0.988647
8.596601,-0.036362,0.247375,-1.006546
8.615568,-0.077988,0.338577,-0.970276
8.615763,-0.115387,0.330093,-0.909256
8.634776,-0.158569,0.301575,-0.837494
8.634971,-0.234253,0.256699,-0.779968
8.653964,-0.335373,0.172592,-0.80925
8.654153,-0.391434,0.051361,-0.892288
8.67315,-0.388214,-0.060837,-0.908493
8.673372,-0.350494,-0.101028,-1.009842
8.692336,-0.244751,-0.007233,-1.179901
8.692523,-0.138107,0.184921,-1.248398
8.711498,-0.094635,0.323013,-1.193161
8.711691,-0.107605,0.388657,-1.140518
8.730689,-0.146652,0.41095,-1.128281
8.730884,-0.210266,0.41188,-1.158478
8.74988,-0.285263,0.381897,-1.151459
8.750073,-0.364822,0.337433,-1.10524
8.76906,-0.438766,0.304382,-1.110199
8.769284,-0.474365,0.298065,-1.15036
8.788246,-0.490311,0.330185,-1.183762
8.78844,-0.486038,0.35257,-1.182571
8.807433,-0.493179,0.33638,-1.238068
8.807626,-0.457718,0.235291,-1.325134
8.826606,-0.387375,0.143219,-1.375229
8.826926,-0.342697,0.114944,-1.384949
8.845857,-0.360596,0.155777,-1.334244
8.84605,-0.428284,0.237686,-1.249207
8.865029,-0.484497,0.315582,-1.225769
8.86526,-0.469284,0.367493,-1.265488
8.88421,-0.441208,0.401367,-1.310165
8.884404,-0.432892,0.428833,-1.336227
8.90339,-0.43869,0.439285,-1.346573
8.903581,-0.461395,0.448288,-1.352875
8.922855,-0.500687,0.459167,-1.395935
8.923052,-0.537506,0.456482,-1.428055
8.9417,-0.548523,0.441895,-1.41394
8.94189,-0.536057,0.406952,-1.384048
8.960995,-0.492874,0.358704,-1.346237
8.961221,-0.421555,0.296936,-1.327438
8.980166,-0.388138,0.268158,-1.317352
8.98036,-0.383041,0.300339,-1.32048
8.99932,-0.376709,0.350082,-1.277054
8.999515,-0.364899,0.371429,-1.209686
9.018551,-0.336014,0.384537,-1.155716
9.018749,-0.305801,0.370255,-1.123596
9.037693,-0.312271,0.360626,-1.125015
9.037885,-0.331131,0.363602,-1.17038
9.056872,-0.332153,0.362076,-1.211731
9.057092,-0.313736,0.3078,-1.214081
9.076011,-0.310959,0.232651,-1.148209
9.0762,-0.294693,0.208389,-1.06926
9.095112,-0.263031,0.226334,-1.015915
9.095327,-0.240997,0.26976,-1.002991
9.114516,-0.234314,0.318649,-1.043396
9.114719,-0.232254,0.342484,-1.088684
9.133635,-0.242722,0.336548,-1.087494
9.13383,-0.251984,0.316025,-1.070175
9.152942,-0.24939,0.28978,-1.061478
9.153176,-0.231476,0.262833,-1.059036
9.172008,-0.21727,0.252075,-1.035553
9.172201,-0.218216,0.247559,-0.996017
9.191149,-0.209274,0.2556,-0.985275
9.191331,-0.203094,0.277328,-0.994308
9.210301,-0.207214,0.296402,-0.99086
9.210495,-0.222656,0.306137,-1.010712
9.229559,-0.228668,0.290787,-1.051743
9.229749,-0.210129,0.275253,-1.06929
9.248777,-0.192703,0.272659,-1.036621
9.249002,-0.169846,0.283646,-1.002609
9.26794,-0.169586,0.284882,-0.981796
9.268134,-0.166809,0.272827,-0.97522
9.287122,-0.174362,0.267715,-0.98764
9.287313,-0.171677,0.279022,-1.002914
9.306318,-0.171661,0.292252,-1.006027
9.30651,-0.168091,0.309097,-1.011703
9.325516,-0.161407,0.332397,-1.0354
9.325722,-0.151657,0.337357,-1.034927
9.344706,-0.13324,0.313385,-1.015091
9.344934,-0.123764,0.279572,-0.992584
9.363866,-0.12262,0.275055,-0.985275
9.364058,-0.118469,0.280945,-0.993942
9.383057,-0.108002,0.266342,-0.995026
9.38325,-0.101212,0.2491,-0.989838
9.40224,-0.103851,0.241959,-1.004852
9.402433,-0.10289,0.244293,-0.99675
9.421417,-0.091766,0.250595,-0.960526
9.421609,-0.082153,0.262527,-0.926529
9.440691,-0.079041,0.265686,-0.90567
9.44092,-0.069656,0.262589,-0.880066
9.459751,-0.073105,0.255081,-0.856689
9.459944,-0.065948,0.260849,-0.859924
9.478991,-0.036804,0.271225,-0.873444
9.479184,0.019318,0.273712,-0.879532
9.498171,0.070511,0.262161,-0.86409
9.498362,0.107346,0.248154,-0.848953
9.517392,0.124969,0.222656,-0.845306
9.517584,0.126526,0.196274,-0.845169
9.536403,0.133316,0.179108,-0.851715
9.536627,0.132614,0.180984,-0.842926
9.555711,0.12944,0.192917,-0.784256
9.555903,0.125214,0.189896,-0.717621
9.574883,0.132523,0.170822,-0.653992
9.575075,0.156082,0.153488,-0.623047
9.594082,0.18895,0.134583,-0.596542
9.594273,0.215057,0.126511,-0.569611
9.613294,0.215378,0.121887,-0.545944
9.613491,0.220398,0.122665,-0.533585
9.632476,0.2164,0.12413,-0.527817
9.632707,0.216827,0.118668,-0.519745
9.651697,0.218384,0.111176,-0.526871
9.651894,0.240555,0.092239,-0.554108
9.670854,0.263519,0.079758,-0.567856
9.671049,0.285538,0.068787,-0.585068
9.690116,0.294876,0.067978,-0.593399
9.690317,0.276321,0.074738,-0.576172
9.70925,0.252487,0.084061,-0.540207
9.709444,0.221878,0.110428,-0.509674
9.728408,0.196777,0.140625,-0.505646
9.72863,0.181717,0.158829,-0.518326
9.747639,0.181519,0.149582,-0.544785
9.747832,0.187103,0.10997,-0.572769
9.766786,0.195816,0.062134,-0.589966
9.766977,0.209351,0.029907,-0.590332
9.785971,0.224167,0.04715,-0.583298
9.786164,0.235611,0.10434,-0.584442
9.805167,0.225922,0.160324,-0.575073
9.805359,0.213028,0.192108,-0.603287
9.824339,0.185913,0.214813,-0.67952
9.824562,0.120071,0.145569,-0.744141
9.84347,0.060303,0.06456,-0.740982
9.843664,0.025879,0.045761,-0.752838
9.862725,0.026016,0.065063,-0.781311
9.862922,0.009079,0.110687,-0.769943
9.881923,0.00177,0.170105,-0.716949
9.882115,-0.00827,0.225449,-0.666992
9.901024,-0.014389,0.246658,-0.651871
9.901317,-0.027649,0.219437,-0.665726
9.920373,-0.041977,0.121475,-0.70961
9.920619,-0.03157,0.030106,-0.771988
9.939288,-0.040787,-0.038483,-0.829041
9.939545,-0.063492,-0.018631,-0.893723
9.958377,-0.093842,0.096603,-0.941147
9.958485,-0.115082,0.247192,-0.94516
9.977863,-0.125473,0.33139,-0.946381
9.978054,-0.154312,0.351425,-0.947388
9.997164,-0.186111,0.353836,-0.960251
9.997376,-0.229935,0.338394,-0.976471
10.016233,-0.308533,0.314621,-0.99881
10.016462,-0.375885,0.265289,-1.024734
10.035409,-0.40506,0.229462,-1.027771
10.035602,-0.409302,0.205963,-1.040451
10.054613,-0.387558,0.206589,-1.067352
10.054809,-0.282898,0.236588,-1.054901
10.073771,-0.181381,0.270035,-1.011963
10.073966,-0.172134,0.312057,-1.006149
10.093018,-0.203201,0.355301,-1.053284
10.093225,-0.274628,0.374466,-1.134888
10.112164,-0.360031,0.368301,-1.197388
10.112389,-0.425415,0.352463,-1.182251
10.131342,-0.42334,0.353256,-1.167267
10.131536,-0.401474,0.374664,-1.224396
10.150601,-0.397385,0.412476,-1.302078
10.150794,-0.404175,0.446884,-1.337952
10.169807,-0.392624,0.448059,-1.327438
10.170013,-0.365051,0.440475,-1.302948
10.188993,-0.339935,0.420456,-1.272934
10.189194,-0.340912,0.402588,-1.218307
10.208156,-0.37178,0.39682,-1.196503
10.208383,-0.415024,0.404022,-1.231369
10.227263,-0.462982,0.417191,-1.265091
10.227458,-0.490234,0.420227,-1.27739
10.246475,-0.493423,0.442963,-1.299545
10.246667,-0.457184,0.465225,-1.320435
10.265786,-0.423325,0.495941,-1.375519
10.265992,-0.402084,0.513214,-1.431915
10.284929,-0.386765,0.508087,-1.434311
10.285123,-0.355438,0.468414,-1.379578
10.304123,-0.323181,0.428452,-1.347565
10.304346,-0.294434,0.381393,-1.357483
10.323323,-0.298965,0.350006,-1.35849
10.323517,-0.34433,0.395386,-1.322311
10.342509,-0.364517,0.429779,-1.258499
10.342696,-0.37825,0.434998,-1.194214
10.361702,-0.376907,0.451492,-1.184814
10.361902,-0.377396,0.472977,-1.209641
10.380883,-0.365463,0.49617,-1.230774
10.381076,-0.337921,0.51033,-1.230103
10.400075,-0.306732,0.497726,-1.222168
10.4003,-0.282242,0.481201,-1.200943
10.419269,-0.264786,0.461853,-1.174026
10.419461,-0.259262,0.440384,-1.161346
10.438453,-0.255173,0.414108,-1.153809
10.438645,-0.249405,0.395493,-1.109528
10.457703,-0.242813,0.377686,-1.047653
10.457903,-0.240753,0.363434,-0.992905
10.476737,-0.234375,0.366959,-0.96759
10.477062,-0.23645,0.391495,-0.977036
10.496028,-0.226151,0.409103,-0.971344
10.496248,-0.212708,0.419708,-0.959
10.515241,-0.190216,0.430359,-0.964096
10.515438,-0.168655,0.437332,-0.990952
10.534425,-0.158569,0.427231,-1.001816
10.534619,-0.160629,0.417068,-1.006805
10.553633,-0.167282,0.403152,-0.995285
10.553828,-0.169632,0.394699,-1.000275
10.572758,-0.176682,0.392197,-1.005325
10.572952,-0.181427,0.39653,-0.99025
10.592009,-0.181534,0.405106,-0.994339
10.592236,-0.163162,0.421753,-1.005844
10.611229,-0.135193,0.425995,-0.967331
10.611424,-0.109024,0.418991,-0.922058
10.630409,-0.092239,0.420639,-0.920731
10.630615,-0.083694,0.415863,-0.922531
10.649595,-0.095032,0.392914,-0.929504
10.649792,-0.112503,0.379684,-0.965149
10.668787,-0.133987,0.383926,-1.012268
10.668987,-0.14267,0.38063,-1.007828
10.687838,-0.13974,0.384064,-0.989899
10.688074,-0.131989,0.390152,-0.97699
10.707154,-0.114059,0.410385,-0.983093
10.707351,-0.087524,0.42984,-0.996109
10.726366,-0.068329,0.436874,-1.002014
10.726557,-0.063568,0.439621,-0.990646
10.745513,-0.063705,0.429794,-0.96138
10.745704,-0.068939,0.418182,-0.962769
10.764714,-0.073715,0.429642,-1.000702
10.76494,-0.067062,0.426376,-1.004761
10.78392,-0.060883,0.415726,-1.000504
10.784141,-0.052292,0.397018,-0.975739
10.803068,-0.025848,0.379364,-0.942764
10.803261,0.001114,0.368546,-0.908737
10.822244,0.018814,0.359222,-0.859268
10.822436,0.030991,0.356247,-0.828262
10.841454,0.044876,0.352997,-0.821121
10.841647,0.066422,0.348724,-0.822632
10.860602,0.093399,0.349365,-0.835754
10.860793,0.112244,0.357574,-0.860962
10.87982,0.115631,0.356384,-0.894867
10.880049,0.09285,0.348419,-0.912994
10.899053,0.083893,0.336578,-0.88588
10.899256,0.086929,0.315521,-0.834366
10.918218,0.076462,0.301102,-0.7892
10.918418,0.090744,0.282394,-0.725922
10.937386,0.107117,0.267441,-0.674789
10.93758,0.129791,0.242401,-0.627029
10.956564,0.151642,0.226898,-0.606598
10.956755,0.158646,0.220383,-0.601105
10.975772,0.156082,0.22467,-0.609451
10.975995,0.17688,0.223846,-0.590668
10.99494,0.196182,0.215149,-0.584686
10.995135,0.215744,0.201981,-0.573349
11.014144,0.225586,0.193176,-0.561691
11.014339,0.235229,0.182983,-0.561783
11.033338,0.237381,0.181427,-0.606247
11.033533,0.207611,0.197556,-0.627335
11.052497,0.143372,0.247513,-0.602249
11.052689,0.046158,0.539337,-0.630844
11.071634,-0.037491,0.922531,-0.78891
11.071857,-0.067307,1.008545,-0.81691
11.090945,0.050079,0.454086,-0.608734
11.091155,0.107666,-0.000824,-0.410797
11.11003,0.147751,-0.214752,-0.477142
11.110233,0.212936,-0.151901,-0.628677
11.129241,0.271667,0.10202,-0.834274
11.129432,0.228424,0.17659,-0.840897
11.14837,0.166275,0.153885,-0.730392
11.148562,0.137787,0.103043,-0.59903
11.167619,0.157608,0.080688,-0.520981
11.16785,0.184586,0.126755,-0.539719
11.186817,0.224411,0.177536,-0.53392
11.187014,0.242828,0.205673,-0.52507
11.205998,0.271255,0.219116,-0.553467
11.206191,0.286667,0.221863,-0.85675
11.225151,0.223267,0.003174,-0.847839
11.225345,0.214203,-0.265015,-0.722656
11.244356,0.202545,-0.277222,-0.726379
11.24455,0.093063,-0.166412,-0.724457
11.263522,-0.022522,0.012802,-0.643539
11.263742,-0.035492,0.137741,-0.612823
11.282638,-0.009171,0.228989,-0.628387
11.282833,0.003235,0.265518,-0.640121
11.301945,-0.00325,0.268478,-0.656357
11.30214,-0.007553,0.272491,-0.708282
11.321141,-0.008469,0.239594,-0.811661
11.321341,-0.023697,0.163651,-0.90773
11.340287,-0.066742,0.119934,-0.928696
11.340481,-0.111954,0.126373,-0.856796
11.35937,-0.160065,0.17067,-0.756119
11.359587,-0.168686,0.205978,-0.706223
11.378669,-0.170319,0.233185,-0.739609
11.378864,-0.186386,0.221741,-0.786728
11.397845,-0.193283,0.149094,-0.835175
11.398036,-0.171417,0.043594,-0.922333
11.417039,-0.142441,0.044327,-0.997955
11.417232,-0.131241,0.161194,-0.98584
11.436245,-0.135056,0.294159,-0.917953
11.43644,-0.154572,0.365524,-0.915787
11.455438,-0.18454,0.39389,-0.964905
11.455663,-0.232513,0.37851,-0.977753
11.474606,-0.307388,0.335083,-0.971786
11.474802,-0.378128,0.28299,-1.006104
11.49369,-0.445465,0.238205,-1.073059
11.493884,-0.472031,0.21228,-1.119736
11.512943,-0.461823,0.218704,-1.121185
11.513156,-0.410492,0.255722,-1.130417
11.532303,-0.307159,0.289139,-1.139725
11.532504,-0.250565,0.312698,-1.180176
11.551429,-0.256012,0.327789,-1.189987
11.551655,-0.299011,0.361725,-1.186325
11.570589,-0.364716,0.385223,-1.222076
11.570782,-0.440979,0.37944,-1.193665
11.589816,-0.489288,0.370636,-1.128265
11.590015,-0.500458,0.378693,-1.132111
11.608897,-0.507629,0.39328,-1.162033
11.609112,-0.508713,0.400513,-1.176682
11.627735,-0.508057,0.407364,-1.180542
11.627845,-0.503464,0.405548,-1.202957
11.647016,-0.513596,0.411011,-1.24321
11.647159,-0.520401,0.408127,-1.259262
11.66654,-0.536392,0.391068,-1.257019
11.666755,-0.541428,0.363327,-1.28418
11.685712,-0.532745,0.345139,-1.311707
11.685907,-0.50145,0.343475,-1.29834
11.704882,-0.464935,0.370483,-1.257065
11.705079,-0.423096,0.411789,-1.1875
11.72402,-0.401276,0.456009,-1.153046
11.724215,-0.386566,0.500687,-1.181564
11.743257,-0.377747,0.512451,-1.201355
11.743498,-0.371399,0.50412,-1.208359
11.762209,-0.36676,0.51059,-1.22998
11.762337,-0.370636,0.518066,-1.260834
11.781809,-0.362122,0.51683,-1.253311
11.782024,-0.346191,0.502243,-1.238876
11.800863,-0.315475,0.484879,-1.215088
11.801068,-0.298843,0.478928,-1.187149
11.820045,-0.278503,0.481628,-1.150269
11.820239,-0.24556,0.474503,-1.106827
11.839188,-0.231171,0.471268,-1.076462
11.839414,-0.208786,0.47139,-1.054962
11.858412,-0.195053,0.465378,-1.014099
11.858604,-0.182419,0.461182,-0.95787
11.87769,-0.158401,0.440857,-0.898575
11.877895,-0.1465,0.426041,-0.852676
11.896889,-0.127426,0.415985,-0.833252
11.897089,-0.105225,0.413422,-0.787323
11.916082,-0.087326,0.417221,-0.80722
11.916275,-0.08374,0.437469,-0.885742
11.935252,-0.066254,0.44931,-0.930283
11.935473,-0.045715,0.473175,-0.960754
11.954465,-0.02504,0.472198,-0.971313
11.954657,0.005295,0.441177,-0.926346
11.973651,0.027328,0.406891,-0.882065
11.973841,0.050766,0.392014,-0.80098
11.993019,0.055588,0.370361,-0.696594
11.993313,0.055145,0.332535,-0.62178
12.012087,0.017426,0.301086,-0.484879
12.012296,0.013687,0.299927,-0.385468
12.031256,0.027298,0.295731,-0.306976
12.03148,0.035538,0.263382,-0.261765
12.050455,0.042343,0.25032,-0.261932
12.05065,0.04068,0.224899,-0.280182
12.069645,0.048508,0.211609,-0.282806
12.069837,0.040802,0.205597,-0.25293
12.088906,0.021027,0.200638,-0.186386
12.0891,0.006897,0.181946,-0.14621
12.10818,-0.011688,0.164993,-0.077286
12.10838,-0.021484,0.135696,-0.013855
12.12728,0.0168,0.747025,1.083817
12.127537,0.132568,1.170883,0.628601
12.146296,0.20639,0.913269,0.228333
12.146496,0.201675,1.028809,0.059464
12.165663,0.074463,0.477798,-0.039215
12.16586,0.034225,0.085754,0.001465
12.184829,0.035736,0.082535,0.002213
12.185023,0.04126,0.081207,0.004532
12.204052,0.037277,0.07811,0.002228
12.204249,0.038452,0.077606,0.003723
12.223207,0.042084,0.079269,0.001358
12.223428,0.039246,0.075897,0.002258
12.24246,0.041107,0.078781,0.001587
12.242649,0.045074,0.075302,0.000931
12.261617,0.040985,0.07663,-0.001602
12.261815,0.045883,0.073883,-0.002258
12.280804,0.044891,0.073624,-0.000549
12.280995,0.044983,0.071442,-0.002289
12.300191,0.045074,0.068771,-0.003738
12.300386,0.045502,0.068481,-0.001053
12.319193,0.047394,0.067703,0.000687
12.319417,0.043671,0.065079,-0.001114
12.338364,-1.767029,2.438477,0.632797
12.338625,0.008789,0.117249,-0.003265
12.35759,-0.000351,0.095047,-0.011917
12.357809,0.001465,0.095917,-0.031174
12.376685,0.008698,0.10582,-0.031708
12.376876,0.00238,0.101868,0.033127
12.396013,-0.00293,0.080536,-0.022095
12.396227,0.006836,0.107391,0.0103
12.415164,-0.000687,0.087585,-0.023193
12.415395,-0.000305,0.090881,0.013718
12.434329,0.004608,0.095779,0.002838
12.434524,0.004166,0.092941,-0.007202
12.453525,-0.000015,0.084473,-0.004883
12.453718,0.003189,0.086792,-0.000885
12.472728,0.004944,0.086792,-0.002808
12.47292,-0.003281,0.084946,0.001404
12.491935,0.000824,0.084641,0.000992
12.492126,0.004425,0.078018,-0.003128
12.511164,0.004486,0.07695,0.006897
12.511399,0.006958,0.076187,0.004028
12.530326,0.00354,0.076981,0.005157
12.530521,0.008865,0.072205,0.008926
12.549587,0.00351,0.073761,0.010284
12.549791,0.005875,0.070969,0.015457
12.568584,0.006012,0.072403,0.019135